0scaR__,445964687046344711
4amse,814617095304249405
_FeatherFalling_,649163491764207616
AndersTekkitv2,521342907249197066
Antrex,524972524648398858
Asbjqrn,432314951240253442
AskeVII,463369478730678293
badenso,279245489097146369
Bentwoo,355441312654295040
Bil3s,906881045612363786
Buuller,939231153536241676
Champen_V1ldtand,503941649290756107
Cubraa,500807597553877014
D3vN7_,720337672589017190
Daniel_kongen,548828381777494020
DD_Was_Taken,328569376414367747
DenUkendteGut,289402091053645825
Dryxxx,743100559300624517
EasyPeazy_,356446988142903316
EliasBlack,536503857736581120
EmiiiloVich,282434363906457601
Falxee,423502232424677388
Folketingssalen,414865547793006601
Foxxborg,527100549225775104
FredeJH2nd,545323874833661962
Friday30,797795922096553984
FriskSoda,301653161108832257
G1ffelMester,455330009385795585
GirlBoost,750695894348726345
GroenThe,805180688994795573
GustavQV,373462559933595649
Gyymmr,443487288362795019
HakkeBombe,447381476145889301
Helena1996,412785236787593217
Holg4r,546389516278038569
Johanowitz,399979365250891776
JustBasse,281082002722258944
Kanelstang,428615241585262594
KrigerKylling,282965321940336641
L4sseAaB,171019545765478400
Ant0n__,518474588741566486
LegendenVoldby,329666784485441556
LinusFrede,503296667991146498
Ll0p_,437588781160202241
Lucas_AS,341959675773845516
luffegamerv4,427944106577231882
MarcusHM2,156495757795393536
Mobizz,409717554458918922
Mr_Gulle,340605306180599808
Muni_Jr,282539949604208651
Nemkov,645342798098464799
Nikolajhem,430101345270497310
NotMakker,514118062727757826
Olimine02,281881662286200834
Opvaske,402097472153059338
PapEske,856965588181188668
Parzival1939,833401648029630475
PizzaJarlen,344187330958983168
pomfrit,816691153285414952
Rallemuzen,451010611808174080
rasmusen2001,483234207104106496
RespectMike,330018916397088769
Rudbrod,504279946672341007
SanderShark,327791941704089600
Savovic10,601751618790359040
Siiffy,270528383178375168
SL0E_,789239565097500692
Slyqnn,339868867914498058
sneaky_boy_yt,920402090231218197
Svambz,274916648811495444
Sw1chhh,638036201907027968
Sykopingvin,543465653374550027
T1ldsen,721006684625174558
The_SnowTroll,424299753266741249
TheLootG0blin,501070247022034945
Tiske_TaskeV2,659095630274232378
Tobi_Cake,798087077614845963
Trille2nd0,646734340604166164
V5ga,766709902746976287
ValdemarBJensen,552875068443852810
Valentaion,296998986659921920
VaVeDo,425925042170363905
vova6969,451720702563975178
WhoIsAnthonnus,616150927547564035
YohanEks,498155340433588264
YoungCrille,395633505276788736
zAndreaz,362249061778063360
Zeqniiix,315218806454878209
zM4rkus,366332921503678475
